<?xml version="1.0" encoding="UTF-8"?>
<beans xmlns="http://www.springframework.org/schema/beans" xmlns:xsi="http://www.w3.org/2001/XMLSchema-instance"
	xsi:schemaLocation="http://www.springframework.org/schema/beans https://www.springframework.org/schema/beans/spring-beans.xsd">

	<!-- Root Context: defines shared resources visible to all other web components -->

	<bean id="dataSource" class="org.springframework.jdbc.datasource.DriverManagerDataSource">
		<property name="driverClassName" value="com.mysql.cj.jdbc.Driver" />
		<property name="url" value="jdbc:mysql://127.0.0.1:3306/officehi?useSSL=false&amp;serverTimezone=UTC" />
		<property name="username" value="root" />
		<property name="password" value="1111" />
	</bean>

	<bean id="sqlSessionFactory" class="org.mybatis.spring.SqlSessionFactoryBean">
		<property name="dataSource" ref="dataSource" />
		<property name="mapperLocations" value="classpath:/officehi/mapper/*.xml" />
		<property name="configLocation" value="classpath:/officehi/config/config.xml" />
	</bean>

	<bean id="repository" class="org.mybatis.spring.mapper.MapperFactoryBean">
		<property name="mapperInterface" value="com.groupware.officehi.repository.ApprovalRepository" />
		<property name="sqlSessionFactory" ref="sqlSessionFactory" />
	</bean>

	<bean id="loginRepository" class="org.mybatis.spring.mapper.MapperFactoryBean">
		<property name="mapperInterface" value="com.groupware.officehi.repository.LoginRepository" />
		<property name="sqlSessionFactory" ref="sqlSessionFactory" />
	</bean>
</beans>
